frame,family,source_occupied,known_exact_pixels_covered,known_exact_coverage_percent,reliable_assets_used,unresolved_source_pixels,hat,head,scarf_accessory,torso_coat,arms_hands,legs,feet,component_reference_status
0,idle_fire,391,384,98.21,f0_all_components_visible_exact_pixels,7,side_hat_f0 EXACT_TRANSLATION,side_head_f0 EXACT_TRANSLATION,frame0 seam-treated variant,frame0 exact visible variant,frame0 exact hand/equipment variants,frame0 exact single-leg asset,frame0 foot EXACT_TRANSLATION,reliable supplied indexed cut-up
1,idle_fire,490,73,14.9,f0_hat;f0_head,417,side_hat_f0 EXACT_TRANSLATION,side_head_f0 EXACT_TRANSLATION,POSE/VIEW VARIANT REQUIRED,POSE/VIEW VARIANT REQUIRED,POSE/VIEW VARIANT REQUIRED,POSE/VIEW VARIANT REQUIRED,POSE/VIEW VARIANT REQUIRED,source frame audit only; no isolated cut-up supplied
2,horizontal_locomotion,442,73,16.52,f0_hat;f0_head,369,side_hat_f0 EXACT_TRANSLATION,side_head_f0 EXACT_TRANSLATION,POSE/VIEW VARIANT REQUIRED,POSE/VIEW VARIANT REQUIRED,POSE/VIEW VARIANT REQUIRED,POSE/VIEW VARIANT REQUIRED,POSE/VIEW VARIANT REQUIRED,source frame audit only; no isolated cut-up supplied
3,horizontal_locomotion,537,537,100.0,f3_representative_component_set,0,side_hat_f0 EXACT_TRANSLATION,side_head_f0 EXACT_TRANSLATION,frame3 exact pose variant,frame3 exact pose variant,frame3 L_HA exact; R_HA OBSCURED,frame3 exact compound-leg pose,frame3 exact compound-feet pose,reliable supplied indexed cut-up
4,horizontal_locomotion,467,73,15.63,f0_hat;f0_head,394,side_hat_f0 EXACT_TRANSLATION,side_head_f0 EXACT_TRANSLATION,POSE/VIEW VARIANT REQUIRED,POSE/VIEW VARIANT REQUIRED,POSE/VIEW VARIANT REQUIRED,POSE/VIEW VARIANT REQUIRED,POSE/VIEW VARIANT REQUIRED,source frame audit only; no isolated cut-up supplied
5,horizontal_locomotion,439,73,16.63,f0_hat;f0_head,366,side_hat_f0 EXACT_TRANSLATION,side_head_f0 EXACT_TRANSLATION,POSE/VIEW VARIANT REQUIRED,POSE/VIEW VARIANT REQUIRED,POSE/VIEW VARIANT REQUIRED,POSE/VIEW VARIANT REQUIRED,POSE/VIEW VARIANT REQUIRED,source frame audit only; no isolated cut-up supplied
6,horizontal_locomotion,547,73,13.35,f0_hat;f0_head,474,side_hat_f0 EXACT_TRANSLATION,side_head_f0 EXACT_TRANSLATION,POSE/VIEW VARIANT REQUIRED,POSE/VIEW VARIANT REQUIRED,POSE/VIEW VARIANT REQUIRED,POSE/VIEW VARIANT REQUIRED,POSE/VIEW VARIANT REQUIRED,source frame audit only; no isolated cut-up supplied
7,horizontal_locomotion,476,100,21.01,f0_hat;f0_head;f0_foot,376,side_hat_f0 EXACT_TRANSLATION,side_head_f0 EXACT_TRANSLATION,POSE/VIEW VARIANT REQUIRED,POSE/VIEW VARIANT REQUIRED,POSE/VIEW VARIANT REQUIRED,POSE/VIEW VARIANT REQUIRED,frame0 foot EXACT_TRANSLATION,source frame audit only; no isolated cut-up supplied
8,crouch,425,73,17.18,f0_hat;f0_head,352,side_hat_f0 EXACT_TRANSLATION,side_head_f0 EXACT_TRANSLATION,POSE/VIEW VARIANT REQUIRED,POSE/VIEW VARIANT REQUIRED,POSE/VIEW VARIANT REQUIRED,POSE/VIEW VARIANT REQUIRED,POSE/VIEW VARIANT REQUIRED,source frame audit only; no isolated cut-up supplied
9,horizontal_jump_fall,484,484,100.0,f9_representative_component_set,0,jump_hat_f9 POSE_VARIANT,jump_head_f9 POSE_VARIANT,frame9 exact pose variant,frame9 exact pose variant,frame9 both supplied hand columns exact,frame9 exact compound-leg pose,frame9 exact compound-feet pose,reliable supplied indexed cut-up
10,horizontal_jump_fall,480,33,6.88,f9_head,447,VIEW/POSE_VARIANT REQUIRED,jump_head_f9 EXACT_TRANSLATION,POSE/VIEW VARIANT REQUIRED,POSE/VIEW VARIANT REQUIRED,POSE/VIEW VARIANT REQUIRED,POSE/VIEW VARIANT REQUIRED,POSE/VIEW VARIANT REQUIRED,source frame audit only; no isolated cut-up supplied
11,horizontal_jump_fall,511,0,0.0,,511,VIEW/POSE_VARIANT REQUIRED,VIEW/POSE_VARIANT REQUIRED,POSE/VIEW VARIANT REQUIRED,POSE/VIEW VARIANT REQUIRED,POSE/VIEW VARIANT REQUIRED,POSE/VIEW VARIANT REQUIRED,POSE/VIEW VARIANT REQUIRED,source frame audit only; no isolated cut-up supplied
12,reach_grab_wire,518,0,0.0,,518,VIEW/POSE_VARIANT REQUIRED,VIEW/POSE_VARIANT REQUIRED,POSE/VIEW VARIANT REQUIRED,POSE/VIEW VARIANT REQUIRED,POSE/VIEW VARIANT REQUIRED,POSE/VIEW VARIANT REQUIRED,POSE/VIEW VARIANT REQUIRED,supplied row index-divergent; geometry diagnostic only
13,reach_grab_wire,410,0,0.0,,410,VIEW/POSE_VARIANT REQUIRED,VIEW/POSE_VARIANT REQUIRED,POSE/VIEW VARIANT REQUIRED,POSE/VIEW VARIANT REQUIRED,POSE/VIEW VARIANT REQUIRED,POSE/VIEW VARIANT REQUIRED,POSE/VIEW VARIANT REQUIRED,source frame audit only; no isolated cut-up supplied
14,reach_grab_wire,479,0,0.0,,479,VIEW/POSE_VARIANT REQUIRED,VIEW/POSE_VARIANT REQUIRED,POSE/VIEW VARIANT REQUIRED,POSE/VIEW VARIANT REQUIRED,POSE/VIEW VARIANT REQUIRED,POSE/VIEW VARIANT REQUIRED,POSE/VIEW VARIANT REQUIRED,source frame audit only; no isolated cut-up supplied
15,reach_grab_wire,410,0,0.0,,410,VIEW/POSE_VARIANT REQUIRED,VIEW/POSE_VARIANT REQUIRED,POSE/VIEW VARIANT REQUIRED,POSE/VIEW VARIANT REQUIRED,POSE/VIEW VARIANT REQUIRED,POSE/VIEW VARIANT REQUIRED,POSE/VIEW VARIANT REQUIRED,source frame audit only; no isolated cut-up supplied
16,crouch_fire,324,43,13.27,f0_hat,281,side_hat_f0 EXACT_TRANSLATION,side_head_f0 NEAR_DUPLICATE_SEAM 34/35,POSE/VIEW VARIANT REQUIRED,POSE/VIEW VARIANT REQUIRED,POSE/VIEW VARIANT REQUIRED,POSE/VIEW VARIANT REQUIRED,POSE/VIEW VARIANT REQUIRED,source frame audit only; no isolated cut-up supplied
17,ladder_face_on_climb,555,0,0.0,,555,VIEW/POSE_VARIANT REQUIRED,OBSCURED in supplied frame17 cut-up,POSE/VIEW VARIANT REQUIRED,POSE/VIEW VARIANT REQUIRED,POSE/VIEW VARIANT REQUIRED,POSE/VIEW VARIANT REQUIRED,POSE/VIEW VARIANT REQUIRED,supplied row index-divergent; geometry diagnostic only
18,ladder_face_on_climb,548,0,0.0,,548,VIEW/POSE_VARIANT REQUIRED,VIEW/POSE_VARIANT REQUIRED,POSE/VIEW VARIANT REQUIRED,POSE/VIEW VARIANT REQUIRED,POSE/VIEW VARIANT REQUIRED,POSE/VIEW VARIANT REQUIRED,POSE/VIEW VARIANT REQUIRED,source frame audit only; no isolated cut-up supplied
19,ladder_face_on_climb,518,0,0.0,,518,VIEW/POSE_VARIANT REQUIRED,VIEW/POSE_VARIANT REQUIRED,POSE/VIEW VARIANT REQUIRED,POSE/VIEW VARIANT REQUIRED,POSE/VIEW VARIANT REQUIRED,POSE/VIEW VARIANT REQUIRED,POSE/VIEW VARIANT REQUIRED,source frame audit only; no isolated cut-up supplied
20,ladder_face_on_climb,549,0,0.0,,549,VIEW/POSE_VARIANT REQUIRED,VIEW/POSE_VARIANT REQUIRED,POSE/VIEW VARIANT REQUIRED,POSE/VIEW VARIANT REQUIRED,POSE/VIEW VARIANT REQUIRED,POSE/VIEW VARIANT REQUIRED,POSE/VIEW VARIANT REQUIRED,source frame audit only; no isolated cut-up supplied
21,rear_facing_movement,494,0,0.0,,494,VIEW/POSE_VARIANT REQUIRED,VIEW/POSE_VARIANT REQUIRED,POSE/VIEW VARIANT REQUIRED,POSE/VIEW VARIANT REQUIRED,POSE/VIEW VARIANT REQUIRED,POSE/VIEW VARIANT REQUIRED,POSE/VIEW VARIANT REQUIRED,source frame audit only; no isolated cut-up supplied
22,rear_facing_movement,495,0,0.0,,495,VIEW/POSE_VARIANT REQUIRED,VIEW/POSE_VARIANT REQUIRED,POSE/VIEW VARIANT REQUIRED,POSE/VIEW VARIANT REQUIRED,POSE/VIEW VARIANT REQUIRED,POSE/VIEW VARIANT REQUIRED,POSE/VIEW VARIANT REQUIRED,source frame audit only; no isolated cut-up supplied
23,rear_facing_movement,498,0,0.0,,498,VIEW/POSE_VARIANT REQUIRED,VIEW/POSE_VARIANT REQUIRED,POSE/VIEW VARIANT REQUIRED,POSE/VIEW VARIANT REQUIRED,POSE/VIEW VARIANT REQUIRED,POSE/VIEW VARIANT REQUIRED,POSE/VIEW VARIANT REQUIRED,source frame audit only; no isolated cut-up supplied
24,rear_facing_movement,498,0,0.0,,498,VIEW/POSE_VARIANT REQUIRED,VIEW/POSE_VARIANT REQUIRED,POSE/VIEW VARIANT REQUIRED,POSE/VIEW VARIANT REQUIRED,POSE/VIEW VARIANT REQUIRED,POSE/VIEW VARIANT REQUIRED,POSE/VIEW VARIANT REQUIRED,source frame audit only; no isolated cut-up supplied
25,front_menu_interaction,510,27,5.29,f0_foot,483,VIEW/POSE_VARIANT REQUIRED,VIEW/POSE_VARIANT REQUIRED,POSE/VIEW VARIANT REQUIRED,POSE/VIEW VARIANT REQUIRED,POSE/VIEW VARIANT REQUIRED,POSE/VIEW VARIANT REQUIRED,frame0 foot EXACT_TRANSLATION,supplied row index-divergent; geometry diagnostic only
26,rear_doorway_interaction,516,0,0.0,,516,VIEW/POSE_VARIANT REQUIRED,VIEW/POSE_VARIANT REQUIRED,POSE/VIEW VARIANT REQUIRED,POSE/VIEW VARIANT REQUIRED,POSE/VIEW VARIANT REQUIRED,POSE/VIEW VARIANT REQUIRED,POSE/VIEW VARIANT REQUIRED,source frame audit only; no isolated cut-up supplied
27,hidden_object_crouch,369,0,0.0,,369,VIEW/POSE_VARIANT REQUIRED,VIEW/POSE_VARIANT REQUIRED,POSE/VIEW VARIANT REQUIRED,POSE/VIEW VARIANT REQUIRED,POSE/VIEW VARIANT REQUIRED,POSE/VIEW VARIANT REQUIRED,POSE/VIEW VARIANT REQUIRED,source frame audit only; no isolated cut-up supplied
